frame,timestamp_ns,tile_x,tile_y,tile_frames,tile_points,query_points,gt_x,gt_y,gt_yaw_deg,gt_inlier,gt_probe_ok,gt_probe_dt,gt_probe_dr,gt_probe_inlier,evaluated,passed,distinct,oracle_dt,feature_ms,ransac_ms,config,polish_ms,best_inlier,best_error,err_trans,err_rot_deg,oracle_polished_dt
78,1566535942355928325,72.00,-144.00,539,230090,10849,71.41,-144.77,-57.89,0.9737,0,0.7028,2.7835,0.9440,10000,4517,10,3.590,632.6,434.7,icp_d4_i240,12206.5,0.9766,0.2485,0.443,0.966,0.443
78,1566535942355928325,72.00,-144.00,539,230090,10849,71.41,-144.77,-57.89,0.9737,0,0.7028,2.7835,0.9440,10000,4517,10,3.590,632.6,434.7,gicp_d4_i240,38520.4,0.9445,0.2469,0.705,2.773,0.701
78,1566535942355928325,72.00,-144.00,539,230090,10849,71.41,-144.77,-57.89,0.9737,0,0.7028,2.7835,0.9440,10000,4517,10,3.590,632.6,434.7,ndt_r3_i240,4996.1,0.9765,0.2459,0.067,0.985,0.067
151,1566535949647802761,48.00,-120.00,528,219318,9689,52.05,-110.55,-63.56,0.9645,1,0.2383,0.4196,0.9638,10000,3326,10,2.889,505.1,379.2,icp_d4_i240,7325.7,0.9649,0.2478,0.944,0.619,0.944
151,1566535949647802761,48.00,-120.00,528,219318,9689,52.05,-110.55,-63.56,0.9645,1,0.2383,0.4196,0.9638,10000,3326,10,2.889,505.1,379.2,gicp_d4_i240,29599.0,0.9637,0.2488,0.226,0.415,0.226
151,1566535949647802761,48.00,-120.00,528,219318,9689,52.05,-110.55,-63.56,0.9645,1,0.2383,0.4196,0.9638,10000,3326,10,2.889,505.1,379.2,ndt_r3_i240,2111.4,0.9644,0.2452,0.220,0.514,0.220
224,1566535956948012557,24.00,-72.00,522,225257,9723,30.73,-65.20,-63.89,0.9816,1,0.1625,0.3693,0.9817,10000,1704,10,1.402,451.2,368.8,icp_d4_i240,5504.7,0.9820,0.2480,0.085,0.307,0.085
224,1566535956948012557,24.00,-72.00,522,225257,9723,30.73,-65.20,-63.89,0.9816,1,0.1625,0.3693,0.9817,10000,1704,10,1.402,451.2,368.8,gicp_d4_i240,11208.6,0.9817,0.2491,0.163,0.362,0.163
224,1566535956948012557,24.00,-72.00,522,225257,9723,30.73,-65.20,-63.89,0.9816,1,0.1625,0.3693,0.9817,10000,1704,10,1.402,451.2,368.8,ndt_r3_i240,3655.5,0.9821,0.2466,0.210,0.483,0.112
297,1566535964247888327,0.00,-24.00,617,257232,12943,7.04,-18.22,-60.75,0.9826,1,0.1913,0.7415,0.9834,10000,4085,10,0.380,610.7,478.6,icp_d4_i240,9811.2,0.9832,0.2455,0.343,0.604,0.304
297,1566535964247888327,0.00,-24.00,617,257232,12943,7.04,-18.22,-60.75,0.9826,1,0.1913,0.7415,0.9834,10000,4085,10,0.380,610.7,478.6,gicp_d4_i240,5242.6,0.9834,0.2456,0.190,0.740,0.190
297,1566535964247888327,0.00,-24.00,617,257232,12943,7.04,-18.22,-60.75,0.9826,1,0.1913,0.7415,0.9834,10000,4085,10,0.380,610.7,478.6,ndt_r3_i240,4443.3,0.9837,0.2399,0.317,0.920,0.317
370,1566535971554327557,-24.00,24.00,693,281568,11115,-19.73,33.13,-62.45,0.8885,1,0.0813,0.0642,0.8889,10000,2889,10,1.962,451.5,353.1,icp_d4_i240,6768.5,0.8891,0.2440,0.229,0.266,0.229
370,1566535971554327557,-24.00,24.00,693,281568,11115,-19.73,33.13,-62.45,0.8885,1,0.0813,0.0642,0.8889,10000,2889,10,1.962,451.5,353.1,gicp_d4_i240,14973.1,0.8889,0.2433,0.081,0.044,0.079
370,1566535971554327557,-24.00,24.00,693,281568,11115,-19.73,33.13,-62.45,0.8885,1,0.0813,0.0642,0.8889,10000,2889,10,1.962,451.5,353.1,ndt_r3_i240,5638.5,0.8895,0.2428,0.505,0.313,0.323
443,1566535978854089230,-48.00,72.00,751,277294,10901,-48.60,83.87,-57.34,0.9557,1,0.1392,0.3105,0.9558,10000,3495,10,3.733,433.3,359.5,icp_d4_i240,17065.3,0.9559,0.2451,0.149,0.000,0.149
443,1566535978854089230,-48.00,72.00,751,277294,10901,-48.60,83.87,-57.34,0.9557,1,0.1392,0.3105,0.9558,10000,3495,10,3.733,433.3,359.5,gicp_d4_i240,15589.6,0.9565,0.2417,1.332,0.300,0.146
443,1566535978854089230,-48.00,72.00,751,277294,10901,-48.60,83.87,-57.34,0.9557,1,0.1392,0.3105,0.9558,10000,3495,10,3.733,433.3,359.5,ndt_r3_i240,8123.9,0.9571,0.2397,0.557,0.553,0.379
516,1566535986154197362,-72.00,144.00,758,314109,11233,-83.75,137.53,-55.35,0.9753,1,0.1087,0.2581,0.9755,10000,2295,10,1.499,602.8,378.0,icp_d4_i240,13792.6,0.9754,0.2462,0.534,0.464,0.088
516,1566535986154197362,-72.00,144.00,758,314109,11233,-83.75,137.53,-55.35,0.9753,1,0.1087,0.2581,0.9755,10000,2295,10,1.499,602.8,378.0,gicp_d4_i240,20649.2,0.9755,0.2489,0.108,0.260,0.106
516,1566535986154197362,-72.00,144.00,758,314109,11233,-83.75,137.53,-55.35,0.9753,1,0.1087,0.2581,0.9755,10000,2295,10,1.499,602.8,378.0,ndt_r3_i240,5126.0,0.9756,0.2465,0.449,0.276,0.384
589,1566535993448103142,-120.00,192.00,936,292436,11216,-120.17,184.36,-50.83,0.9796,0,0.1738,0.1839,0.9796,10000,2463,10,1.832,548.0,356.8,icp_d4_i240,16002.4,0.9794,0.2471,0.163,0.243,0.163
589,1566535993448103142,-120.00,192.00,936,292436,11216,-120.17,184.36,-50.83,0.9796,0,0.1738,0.1839,0.9796,10000,2463,10,1.832,548.0,356.8,gicp_d4_i240,26683.3,0.9794,0.2466,0.154,0.180,0.154
589,1566535993448103142,-120.00,192.00,936,292436,11216,-120.17,184.36,-50.83,0.9796,0,0.1738,0.1839,0.9796,10000,2463,10,1.832,548.0,356.8,ndt_r3_i240,4733.4,0.9793,0.2442,0.554,0.209,0.436
662,1566536000753276080,-168.00,240.00,1172,352767,11513,-160.86,229.68,-42.68,0.9891,0,0.0983,0.3960,0.9896,10000,2606,10,13.987,797.4,384.8,icp_d4_i240,19265.6,0.7332,0.2561,16.491,40.754,12.656
662,1566536000753276080,-168.00,240.00,1172,352767,11513,-160.86,229.68,-42.68,0.9891,0,0.0983,0.3960,0.9896,10000,2606,10,13.987,797.4,384.8,gicp_d4_i240,28870.5,0.7115,0.2575,15.151,38.135,11.276
662,1566536000753276080,-168.00,240.00,1172,352767,11513,-160.86,229.68,-42.68,0.9891,0,0.0983,0.3960,0.9896,10000,2606,10,13.987,797.4,384.8,ndt_r3_i240,3490.1,0.7124,0.2625,18.060,41.854,13.677
735,1566536008046224830,-192.00,264.00,958,326376,12004,-188.30,259.72,-89.70,0.9948,0,0.1347,0.6300,0.9943,10000,2791,10,7.024,649.3,405.3,icp_d4_i240,17460.3,0.9944,0.2405,0.673,0.000,0.517
735,1566536008046224830,-192.00,264.00,958,326376,12004,-188.30,259.72,-89.70,0.9948,0,0.1347,0.6300,0.9943,10000,2791,10,7.024,649.3,405.3,gicp_d4_i240,27110.8,0.9943,0.2467,0.084,0.626,0.084
735,1566536008046224830,-192.00,264.00,958,326376,12004,-188.30,259.72,-89.70,0.9948,0,0.1347,0.6300,0.9943,10000,2791,10,7.024,649.3,405.3,ndt_r3_i240,4926.8,0.9949,0.2428,0.302,0.761,0.260
808,1566536015345953842,-144.00,288.00,1349,356654,12024,-152.34,285.97,-146.96,0.9885,0,0.0465,0.1044,0.9885,10000,5545,10,1.832,925.4,433.0,icp_d4_i240,17614.5,0.9887,0.2435,0.303,0.126,0.106
808,1566536015345953842,-144.00,288.00,1349,356654,12024,-152.34,285.97,-146.96,0.9885,0,0.0465,0.1044,0.9885,10000,5545,10,1.832,925.4,433.0,gicp_d4_i240,27139.5,0.9885,0.2477,0.055,0.110,0.047
808,1566536015345953842,-144.00,288.00,1349,356654,12024,-152.34,285.97,-146.96,0.9885,0,0.0465,0.1044,0.9885,10000,5545,10,1.832,925.4,433.0,ndt_r3_i240,4191.4,0.9892,0.2438,0.539,0.705,0.539
881,1566536022645760706,-96.00,312.00,1104,321922,12698,-107.76,314.25,-147.43,0.9264,0,0.9256,0.3022,0.9202,10000,3613,10,0.821,604.4,436.0,icp_d4_i240,16621.0,0.9285,0.2491,0.717,0.683,0.542
881,1566536022645760706,-96.00,312.00,1104,321922,12698,-107.76,314.25,-147.43,0.9264,0,0.9256,0.3022,0.9202,10000,3613,10,0.821,604.4,436.0,gicp_d4_i240,35757.6,0.8941,0.2425,1.266,0.458,1.266
881,1566536022645760706,-96.00,312.00,1104,321922,12698,-107.76,314.25,-147.43,0.9264,0,0.9256,0.3022,0.9202,10000,3613,10,0.821,604.4,436.0,ndt_r3_i240,4847.7,0.9253,0.2481,0.500,0.291,0.449
954,1566536029953325705,-72.00,336.00,984,308239,10805,-67.86,338.66,-152.09,0.9784,0,0.0990,0.3077,0.9786,10000,3210,10,2.955,543.3,371.5,icp_d4_i240,11692.2,0.9793,0.2470,0.831,0.928,0.134
954,1566536029953325705,-72.00,336.00,984,308239,10805,-67.86,338.66,-152.09,0.9784,0,0.0990,0.3077,0.9786,10000,3210,10,2.955,543.3,371.5,gicp_d4_i240,22229.0,0.9786,0.2470,0.102,0.323,0.102
954,1566536029953325705,-72.00,336.00,984,308239,10805,-67.86,338.66,-152.09,0.9784,0,0.0990,0.3077,0.9786,10000,3210,10,2.955,543.3,371.5,ndt_r3_i240,3563.0,0.9790,0.2463,0.357,0.520,0.357
1027,1566536037247571899,-24.00,312.00,918,262121,10204,-25.76,323.82,137.57,0.9579,1,0.2117,0.3504,0.9578,10000,1719,10,2.343,535.5,321.4,icp_d4_i240,8947.2,0.9590,0.2414,0.208,0.259,0.208
1027,1566536037247571899,-24.00,312.00,918,262121,10204,-25.76,323.82,137.57,0.9579,1,0.2117,0.3504,0.9578,10000,1719,10,2.343,535.5,321.4,gicp_d4_i240,14751.9,0.9578,0.2418,0.213,0.352,0.213
1027,1566536037247571899,-24.00,312.00,918,262121,10204,-25.76,323.82,137.57,0.9579,1,0.2117,0.3504,0.9578,10000,1719,10,2.343,535.5,321.4,ndt_r3_i240,4149.8,0.9584,0.2411,0.319,0.530,0.305
1100,1566536044548126397,24.00,288.00,582,211151,10131,25.65,280.95,146.14,0.9859,1,0.1571,0.2143,0.9864,10000,1236,10,0.312,365.4,291.1,icp_d4_i240,6485.4,0.9876,0.2474,0.267,0.278,0.138
1100,1566536044548126397,24.00,288.00,582,211151,10131,25.65,280.95,146.14,0.9859,1,0.1571,0.2143,0.9864,10000,1236,10,0.312,365.4,291.1,gicp_d4_i240,3066.6,0.9864,0.2481,0.158,0.215,0.158
1100,1566536044548126397,24.00,288.00,582,211151,10131,25.65,280.95,146.14,0.9859,1,0.1571,0.2143,0.9864,10000,1236,10,0.312,365.4,291.1,ndt_r3_i240,2699.0,0.9859,0.2467,0.091,0.145,0.066
1173,1566536051851512454,72.00,264.00,696,273520,11346,75.28,258.12,163.06,0.9730,1,0.2416,0.6756,0.9750,10000,3999,10,0.876,519.0,376.5,icp_d4_i240,12047.0,0.9751,0.2485,0.213,0.759,0.189
1173,1566536051851512454,72.00,264.00,696,273520,11346,75.28,258.12,163.06,0.9730,1,0.2416,0.6756,0.9750,10000,3999,10,0.876,519.0,376.5,gicp_d4_i240,22073.4,0.9751,0.2474,0.242,0.676,0.242
1173,1566536051851512454,72.00,264.00,696,273520,11346,75.28,258.12,163.06,0.9730,1,0.2416,0.6756,0.9750,10000,3999,10,0.876,519.0,376.5,ndt_r3_i240,3759.1,0.9748,0.2467,0.213,0.650,0.213
1246,1566536059146865601,120.00,240.00,667,302018,13848,125.34,250.81,178.77,0.8804,1,1.1645,1.9184,0.9467,10000,2691,10,2.194,693.9,438.8,icp_d4_i240,21936.5,0.9510,0.2416,1.450,1.398,1.117
1246,1566536059146865601,120.00,240.00,667,302018,13848,125.34,250.81,178.77,0.8804,1,1.1645,1.9184,0.9467,10000,2691,10,2.194,693.9,438.8,gicp_d4_i240,20711.6,0.9508,0.2434,1.403,1.443,1.403
1246,1566536059146865601,120.00,240.00,667,302018,13848,125.34,250.81,178.77,0.8804,1,1.1645,1.9184,0.9467,10000,2691,10,2.194,693.9,438.8,ndt_r3_i240,4697.8,0.9500,0.2441,1.327,1.315,1.326
1319,1566536066447122403,192.00,264.00,329,188020,14809,194.16,256.76,-166.90,0.7994,0,2.0232,0.7532,0.9949,10000,727,10,1.061,550.5,449.4,icp_d4_i240,9046.9,0.9950,0.2456,2.040,0.727,1.954
1319,1566536066447122403,192.00,264.00,329,188020,14809,194.16,256.76,-166.90,0.7994,0,2.0232,0.7532,0.9949,10000,727,10,1.061,550.5,449.4,gicp_d4_i240,4712.7,0.9949,0.2463,2.018,0.743,2.018
1319,1566536066447122403,192.00,264.00,329,188020,14809,194.16,256.76,-166.90,0.7994,0,2.0232,0.7532,0.9949,10000,727,10,1.061,550.5,449.4,ndt_r3_i240,3589.0,0.9951,0.2464,2.057,0.790,1.029
1392,1566536073745553974,264.00,288.00,374,146698,10059,262.05,286.96,-154.19,0.9760,1,0.6077,0.7605,0.9842,10000,2593,10,1.040,331.4,275.1,icp_d4_i240,8959.6,0.9846,0.2496,0.569,0.708,0.563
1392,1566536073745553974,264.00,288.00,374,146698,10059,262.05,286.96,-154.19,0.9760,1,0.6077,0.7605,0.9842,10000,2593,10,1.040,331.4,275.1,gicp_d4_i240,7058.8,0.9842,0.2523,0.608,0.761,0.608
1392,1566536073745553974,264.00,288.00,374,146698,10059,262.05,286.96,-154.19,0.9760,1,0.6077,0.7605,0.9842,10000,2593,10,1.040,331.4,275.1,ndt_r3_i240,2853.9,0.9839,0.2536,0.658,0.651,0.658
1465,1566536081049606321,312.00,288.00,350,158664,11114,307.15,282.23,129.23,0.9873,1,0.6249,0.7910,0.9950,10000,1891,10,1.377,348.2,303.4,icp_d4_i240,10351.6,0.9950,0.2507,0.548,0.812,0.548
1465,1566536081049606321,312.00,288.00,350,158664,11114,307.15,282.23,129.23,0.9873,1,0.6249,0.7910,0.9950,10000,1891,10,1.377,348.2,303.4,gicp_d4_i240,11532.2,0.9950,0.2521,0.624,0.791,0.623
1465,1566536081049606321,312.00,288.00,350,158664,11114,307.15,282.23,129.23,0.9873,1,0.6249,0.7910,0.9950,10000,1891,10,1.377,348.2,303.4,ndt_r3_i240,3478.1,0.9951,0.2522,0.640,0.580,0.627
1538,1566536088345101704,336.00,240.00,383,178154,9311,337.62,236.57,122.36,0.9367,1,0.9922,0.2273,0.9665,10000,4149,10,1.667,392.4,303.4,icp_d4_i240,6546.6,0.9661,0.2475,0.975,0.267,0.967
1538,1566536088345101704,336.00,240.00,383,178154,9311,337.62,236.57,122.36,0.9367,1,0.9922,0.2273,0.9665,10000,4149,10,1.667,392.4,303.4,gicp_d4_i240,7253.5,0.9665,0.2502,0.992,0.228,0.990
1538,1566536088345101704,336.00,240.00,383,178154,9311,337.62,236.57,122.36,0.9367,1,0.9922,0.2273,0.9665,10000,4149,10,1.667,392.4,303.4,ndt_r3_i240,3401.3,0.9664,0.2511,1.047,0.278,1.033
1611,1566536095644964355,360.00,192.00,418,212491,8630,369.62,185.75,122.54,0.9761,1,0.7621,0.4141,0.9815,10000,3085,10,5.058,391.1,278.4,icp_d4_i240,13291.6,0.9815,0.2466,0.820,0.472,0.820
1611,1566536095644964355,360.00,192.00,418,212491,8630,369.62,185.75,122.54,0.9761,1,0.7621,0.4141,0.9815,10000,3085,10,5.058,391.1,278.4,gicp_d4_i240,31417.2,0.9815,0.2453,0.779,0.388,0.779
1611,1566536095644964355,360.00,192.00,418,212491,8630,369.62,185.75,122.54,0.9761,1,0.7621,0.4141,0.9815,10000,3085,10,5.058,391.1,278.4,ndt_r3_i240,2877.5,0.9816,0.2467,0.720,0.487,0.720
1684,1566536102952865725,408.00,168.00,411,210806,10699,400.15,162.44,-160.68,0.9865,1,0.6837,0.4354,0.9939,10000,5247,10,1.013,520.8,344.9,icp_d4_i240,14643.5,0.9942,0.2443,0.722,0.000,0.701
1684,1566536102952865725,408.00,168.00,411,210806,10699,400.15,162.44,-160.68,0.9865,1,0.6837,0.4354,0.9939,10000,5247,10,1.013,520.8,344.9,gicp_d4_i240,20419.6,0.9940,0.2441,1.372,0.550,0.684
1684,1566536102952865725,408.00,168.00,411,210806,10699,400.15,162.44,-160.68,0.9865,1,0.6837,0.4354,0.9939,10000,5247,10,1.013,520.8,344.9,ndt_r3_i240,3600.2,0.9942,0.2513,1.078,0.482,1.024
1757,1566536110248473293,432.00,168.00,389,202322,9627,427.87,179.82,-144.43,0.9816,1,0.6342,0.1902,0.9805,10000,5591,10,3.715,475.9,323.4,icp_d4_i240,10734.4,0.9808,0.2475,0.577,0.129,0.577
1757,1566536110248473293,432.00,168.00,389,202322,9627,427.87,179.82,-144.43,0.9816,1,0.6342,0.1902,0.9805,10000,5591,10,3.715,475.9,323.4,gicp_d4_i240,35240.8,0.9805,0.2485,0.611,0.191,0.611
1757,1566536110248473293,432.00,168.00,389,202322,9627,427.87,179.82,-144.43,0.9816,1,0.6342,0.1902,0.9805,10000,5591,10,3.715,475.9,323.4,ndt_r3_i240,2827.5,0.9800,0.2482,0.673,0.442,0.673
1830,1566536117544168777,456.00,192.00,283,167550,12207,462.40,201.80,-148.72,0.9602,1,0.4215,0.2302,0.9606,10000,4040,10,0.810,469.1,360.5,icp_d4_i240,20475.9,0.9608,0.2534,0.379,0.027,0.374
1830,1566536117544168777,456.00,192.00,283,167550,12207,462.40,201.80,-148.72,0.9602,1,0.4215,0.2302,0.9606,10000,4040,10,0.810,469.1,360.5,gicp_d4_i240,28298.4,0.9606,0.2559,0.423,0.209,0.423
1830,1566536117544168777,456.00,192.00,283,167550,12207,462.40,201.80,-148.72,0.9602,1,0.4215,0.2302,0.9606,10000,4040,10,0.810,469.1,360.5,ndt_r3_i240,2772.2,0.9600,0.2559,0.475,0.208,0.475
1903,1566536124844530056,504.00,240.00,197,175430,12208,515.87,235.72,-147.75,0.9839,1,0.2164,0.2147,0.9830,10000,1557,10,1.006,358.0,345.6,icp_d4_i240,11793.2,0.9835,0.2402,0.175,0.065,0.166
1903,1566536124844530056,504.00,240.00,197,175430,12208,515.87,235.72,-147.75,0.9839,1,0.2164,0.2147,0.9830,10000,1557,10,1.006,358.0,345.6,gicp_d4_i240,4729.5,0.9830,0.2405,0.214,0.216,0.214
1903,1566536124844530056,504.00,240.00,197,175430,12208,515.87,235.72,-147.75,0.9839,1,0.2164,0.2147,0.9830,10000,1557,10,1.006,358.0,345.6,ndt_r3_i240,3715.9,0.9827,0.2416,0.249,0.354,0.188
1976,1566536132144940710,552.00,240.00,199,208296,9897,558.23,238.78,142.48,0.9864,1,0.3447,0.6933,0.9922,10000,5782,10,0.566,478.8,337.4,icp_d4_i240,10944.6,0.9918,0.2544,0.263,0.453,0.246
1976,1566536132144940710,552.00,240.00,199,208296,9897,558.23,238.78,142.48,0.9864,1,0.3447,0.6933,0.9922,10000,5782,10,0.566,478.8,337.4,gicp_d4_i240,5992.5,0.9922,0.2540,0.344,0.715,0.343
1976,1566536132144940710,552.00,240.00,199,208296,9897,558.23,238.78,142.48,0.9864,1,0.3447,0.6933,0.9922,10000,5782,10,0.566,478.8,337.4,ndt_r3_i240,3729.5,0.9914,0.2534,0.308,0.529,0.268
2049,1566536139444535963,600.00,192.00,175,170683,10030,607.87,197.76,141.57,0.9739,1,0.6706,0.2484,0.9816,10000,5776,10,0.945,483.5,336.8,icp_d4_i240,10724.0,0.9812,0.2440,0.644,0.209,0.644
2049,1566536139444535963,600.00,192.00,175,170683,10030,607.87,197.76,141.57,0.9739,1,0.6706,0.2484,0.9816,10000,5776,10,0.945,483.5,336.8,gicp_d4_i240,11334.5,0.9816,0.2443,0.671,0.246,0.671
2049,1566536139444535963,600.00,192.00,175,170683,10030,607.87,197.76,141.57,0.9739,1,0.6706,0.2484,0.9816,10000,5776,10,0.945,483.5,336.8,ndt_r3_i240,3492.0,0.9823,0.2450,0.701,0.373,0.636
2122,1566536146743747960,648.00,144.00,175,136789,6344,654.50,145.21,122.80,0.9357,1,1.1382,0.3105,0.9830,10000,2871,10,1.197,203.9,204.1,icp_d4_i240,4114.6,0.9834,0.2516,1.043,0.207,1.003
2122,1566536146743747960,648.00,144.00,175,136789,6344,654.50,145.21,122.80,0.9357,1,1.1382,0.3105,0.9830,10000,2871,10,1.197,203.9,204.1,gicp_d4_i240,13528.8,0.9828,0.2506,1.135,0.302,1.135
2122,1566536146743747960,648.00,144.00,175,136789,6344,654.50,145.21,122.80,0.9357,1,1.1382,0.3105,0.9830,10000,2871,10,1.197,203.9,204.1,ndt_r3_i240,2775.7,0.9834,0.2538,1.120,0.340,0.999
2195,1566536154043976865,672.00,96.00,182,111710,7324,672.10,86.64,83.20,0.8609,1,1.5352,0.1392,0.9925,10000,4664,10,0.389,190.1,220.2,icp_d4_i240,4312.6,0.9928,0.2465,1.514,0.132,1.501
2195,1566536154043976865,672.00,96.00,182,111710,7324,672.10,86.64,83.20,0.8609,1,1.5352,0.1392,0.9925,10000,4664,10,0.389,190.1,220.2,gicp_d4_i240,21961.7,0.9925,0.2441,1.535,0.142,1.535
2195,1566536154043976865,672.00,96.00,182,111710,7324,672.10,86.64,83.20,0.8609,1,1.5352,0.1392,0.9925,10000,4664,10,0.389,190.1,220.2,ndt_r3_i240,2521.5,0.9928,0.2427,1.554,0.134,1.545
2268,1566536161345107335,648.00,48.00,206,136505,10543,647.59,39.78,46.38,0.8978,1,1.4828,0.5546,0.9685,10000,4081,10,1.016,345.4,291.3,icp_d4_i240,12247.6,0.8226,0.2444,11.515,8.124,2.161
2268,1566536161345107335,648.00,48.00,206,136505,10543,647.59,39.78,46.38,0.8978,1,1.4828,0.5546,0.9685,10000,4081,10,1.016,345.4,291.3,gicp_d4_i240,20929.5,0.9685,0.2473,1.482,0.552,1.482
2268,1566536161345107335,648.00,48.00,206,136505,10543,647.59,39.78,46.38,0.8978,1,1.4828,0.5546,0.9685,10000,4081,10,1.016,345.4,291.3,ndt_r3_i240,3582.0,0.9680,0.2478,1.727,0.649,1.727
2341,1566536168646088078,600.00,24.00,214,142679,8878,607.80,16.52,16.47,0.9543,1,1.0619,0.6534,0.9876,10000,3415,10,2.043,264.8,262.3,icp_d4_i240,15878.7,0.9875,0.2555,1.099,0.753,1.089
2341,1566536168646088078,600.00,24.00,214,142679,8878,607.80,16.52,16.47,0.9543,1,1.0619,0.6534,0.9876,10000,3415,10,2.043,264.8,262.3,gicp_d4_i240,9401.2,0.9876,0.2557,1.062,0.652,1.062
2341,1566536168646088078,600.00,24.00,214,142679,8878,607.80,16.52,16.47,0.9543,1,1.0619,0.6534,0.9876,10000,3415,10,2.043,264.8,262.3,ndt_r3_i240,4129.9,0.9873,0.2582,1.099,0.562,1.060
2414,1566536175949591826,552.00,24.00,354,179151,7234,559.23,24.33,-25.42,0.9513,1,0.6550,0.2372,0.9540,10000,3409,10,1.188,275.6,210.7,icp_d4_i240,11342.9,0.9538,0.2370,0.673,0.078,0.644
2414,1566536175949591826,552.00,24.00,354,179151,7234,559.23,24.33,-25.42,0.9513,1,0.6550,0.2372,0.9540,10000,3409,10,1.188,275.6,210.7,gicp_d4_i240,20153.2,0.9536,0.2380,0.661,0.326,0.661
2414,1566536175949591826,552.00,24.00,354,179151,7234,559.23,24.33,-25.42,0.9513,1,0.6550,0.2372,0.9540,10000,3409,10,1.188,275.6,210.7,ndt_r3_i240,3001.1,0.9551,0.2386,0.784,0.674,0.784
2487,1566536183242459408,528.00,72.00,366,125887,8611,528.65,62.41,-46.46,0.9224,1,0.4850,0.7736,0.9206,10000,2204,10,2.040,233.4,243.3,icp_d4_i240,10216.2,0.9223,0.2607,0.510,0.706,0.466
2487,1566536183242459408,528.00,72.00,366,125887,8611,528.65,62.41,-46.46,0.9224,1,0.4850,0.7736,0.9206,10000,2204,10,2.040,233.4,243.3,gicp_d4_i240,12739.4,0.9207,0.2709,0.484,0.778,0.484
2487,1566536183242459408,528.00,72.00,366,125887,8611,528.65,62.41,-46.46,0.9224,1,0.4850,0.7736,0.9206,10000,2204,10,2.040,233.4,243.3,ndt_r3_i240,3282.9,0.9178,0.2722,0.519,0.543,0.517
2560,1566536190548038879,480.00,48.00,469,181431,7663,489.06,50.56,33.35,0.8833,1,1.1086,1.7023,0.8873,10000,700,10,2.792,233.4,218.9,icp_d4_i240,8509.0,0.8892,0.2499,1.031,1.383,1.031
2560,1566536190548038879,480.00,48.00,469,181431,7663,489.06,50.56,33.35,0.8833,1,1.1086,1.7023,0.8873,10000,700,10,2.792,233.4,218.9,gicp_d4_i240,27241.9,0.8852,0.2573,1.158,1.671,1.158
2560,1566536190548038879,480.00,48.00,469,181431,7663,489.06,50.56,33.35,0.8833,1,1.1086,1.7023,0.8873,10000,700,10,2.792,233.4,218.9,ndt_r3_i240,2374.7,0.8826,0.2570,0.317,0.799,0.317
2633,1566536197848554647,480.00,24.00,511,211274,8781,471.35,26.54,96.09,0.9912,1,0.2228,0.4402,0.9918,10000,1718,10,2.271,379.3,261.2,icp_d4_i240,13109.6,0.9921,0.2441,0.178,0.582,0.178
2633,1566536197848554647,480.00,24.00,511,211274,8781,471.35,26.54,96.09,0.9912,1,0.2228,0.4402,0.9918,10000,1718,10,2.271,379.3,261.2,gicp_d4_i240,25689.4,0.9921,0.2462,0.678,0.392,0.216
2633,1566536197848554647,480.00,24.00,511,211274,8781,471.35,26.54,96.09,0.9912,1,0.2228,0.4402,0.9918,10000,1718,10,2.271,379.3,261.2,ndt_r3_i240,2819.2,0.9920,0.2471,0.331,0.356,0.331
2706,1566536205143838698,480.00,-24.00,467,186229,9353,484.82,-19.91,91.09,0.9238,1,0.8358,1.1161,0.9813,10000,2352,10,1.100,344.2,285.3,icp_d4_i240,7194.7,0.9809,0.2434,0.836,1.293,0.836
2706,1566536205143838698,480.00,-24.00,467,186229,9353,484.82,-19.91,91.09,0.9238,1,0.8358,1.1161,0.9813,10000,2352,10,1.100,344.2,285.3,gicp_d4_i240,14541.1,0.9810,0.2427,0.831,1.173,0.831
2706,1566536205143838698,480.00,-24.00,467,186229,9353,484.82,-19.91,91.09,0.9238,1,0.8358,1.1161,0.9813,10000,2352,10,1.100,344.2,285.3,ndt_r3_i240,3088.0,0.9811,0.2437,0.830,1.286,0.801
2779,1566536212448129702,456.00,-72.00,353,177485,12880,460.38,-83.30,47.47,0.9522,1,0.6400,1.7981,0.9911,10000,2830,10,1.092,516.0,378.7,icp_d4_i240,12280.2,0.9912,0.2434,0.666,1.810,0.583
2779,1566536212448129702,456.00,-72.00,353,177485,12880,460.38,-83.30,47.47,0.9522,1,0.6400,1.7981,0.9911,10000,2830,10,1.092,516.0,378.7,gicp_d4_i240,23159.3,0.9911,0.2437,0.639,1.799,0.639
2779,1566536212448129702,456.00,-72.00,353,177485,12880,460.38,-83.30,47.47,0.9522,1,0.6400,1.7981,0.9911,10000,2830,10,1.092,516.0,378.7,ndt_r3_i240,3791.9,0.9912,0.2434,0.669,1.809,0.633
2852,1566536219746786431,384.00,-120.00,345,200326,10245,394.87,-129.50,32.34,0.9408,1,1.2281,0.3306,0.9916,10000,2911,10,1.148,533.5,316.9,icp_d4_i240,8976.3,0.9919,0.2542,1.224,0.279,1.215
2852,1566536219746786431,384.00,-120.00,345,200326,10245,394.87,-129.50,32.34,0.9408,1,1.2281,0.3306,0.9916,10000,2911,10,1.148,533.5,316.9,gicp_d4_i240,6832.8,0.9916,0.2558,1.228,0.328,1.227
2852,1566536219746786431,384.00,-120.00,345,200326,10245,394.87,-129.50,32.34,0.9408,1,1.2281,0.3306,0.9916,10000,2911,10,1.148,533.5,316.9,ndt_r3_i240,2685.9,0.9919,0.2543,1.169,0.400,1.145
2925,1566536227041739012,336.00,-168.00,417,253797,12112,335.96,-166.65,32.19,0.9415,1,1.1637,0.5724,0.9764,10000,2296,10,1.819,645.0,397.4,icp_d4_i240,14543.3,0.9779,0.2450,1.245,0.730,1.177
2925,1566536227041739012,336.00,-168.00,417,253797,12112,335.96,-166.65,32.19,0.9415,1,1.1637,0.5724,0.9764,10000,2296,10,1.819,645.0,397.4,gicp_d4_i240,14617.0,0.9765,0.2444,1.162,0.577,1.160
2925,1566536227041739012,336.00,-168.00,417,253797,12112,335.96,-166.65,32.19,0.9415,1,1.1637,0.5724,0.9764,10000,2296,10,1.819,645.0,397.4,ndt_r3_i240,3185.2,0.9772,0.2438,1.215,0.519,1.206
2998,1566536234344917813,288.00,-192.00,379,278215,12920,296.56,-191.81,32.59,0.9367,1,1.1663,0.4717,0.9926,10000,2772,10,2.765,810.5,435.5,icp_d4_i240,24539.5,0.9929,0.2434,1.196,0.445,1.186
2998,1566536234344917813,288.00,-192.00,379,278215,12920,296.56,-191.81,32.59,0.9367,1,1.1663,0.4717,0.9926,10000,2772,10,2.765,810.5,435.5,gicp_d4_i240,22577.3,0.9926,0.2431,1.167,0.473,1.166
2998,1566536234344917813,288.00,-192.00,379,278215,12920,296.56,-191.81,32.59,0.9367,1,1.1663,0.4717,0.9926,10000,2772,10,2.765,810.5,435.5,ndt_r3_i240,3851.1,0.9936,0.2415,1.425,0.458,1.420
3071,1566536241644941396,264.00,-216.00,274,233953,11925,255.67,-217.08,30.81,0.9794,1,0.8703,0.5140,0.9928,10000,3849,10,0.965,590.1,429.5,icp_d4_i240,8826.4,0.9931,0.2420,0.869,0.606,0.869
3071,1566536241644941396,264.00,-216.00,274,233953,11925,255.67,-217.08,30.81,0.9794,1,0.8703,0.5140,0.9928,10000,3849,10,0.965,590.1,429.5,gicp_d4_i240,5151.9,0.9928,0.2421,0.870,0.522,0.870
3071,1566536241644941396,264.00,-216.00,274,233953,11925,255.67,-217.08,30.81,0.9794,1,0.8703,0.5140,0.9928,10000,3849,10,0.965,590.1,429.5,ndt_r3_i240,3154.7,0.9929,0.2425,0.930,0.667,0.926
3144,1566536248944264443,192.00,-240.00,355,206082,12065,199.32,-229.54,2.98,0.9913,1,0.2563,0.3572,0.9909,10000,3694,10,1.617,526.3,390.5,icp_d4_i240,15276.1,0.9916,0.2448,0.094,0.301,0.094
3144,1566536248944264443,192.00,-240.00,355,206082,12065,199.32,-229.54,2.98,0.9913,1,0.2563,0.3572,0.9909,10000,3694,10,1.617,526.3,390.5,gicp_d4_i240,16815.5,0.9909,0.2455,0.255,0.371,0.255
3144,1566536248944264443,192.00,-240.00,355,206082,12065,199.32,-229.54,2.98,0.9913,1,0.2563,0.3572,0.9909,10000,3694,10,1.617,526.3,390.5,ndt_r3_i240,4633.6,0.9910,0.2470,0.273,0.458,0.269
3217,1566536256241428148,144.00,-240.00,463,253964,11256,149.28,-241.95,26.01,0.9860,0,0.1415,0.3576,0.9866,10000,2575,10,1.089,680.8,381.0,icp_d4_i240,15904.6,0.9875,0.2426,0.703,0.910,0.040
3217,1566536256241428148,144.00,-240.00,463,253964,11256,149.28,-241.95,26.01,0.9860,0,0.1415,0.3576,0.9866,10000,2575,10,1.089,680.8,381.0,gicp_d4_i240,21527.1,0.9868,0.2437,0.189,0.467,0.141
3217,1566536256241428148,144.00,-240.00,463,253964,11256,149.28,-241.95,26.01,0.9860,0,0.1415,0.3576,0.9866,10000,2575,10,1.089,680.8,381.0,ndt_r3_i240,5173.9,0.9866,0.2435,0.115,0.444,0.115
3290,1566536263544221053,120.00,-216.00,557,262133,10594,122.42,-226.46,-57.10,0.9851,1,0.1025,0.4583,0.9854,10000,2770,10,1.565,588.2,343.3,icp_d4_i240,17638.7,0.9859,0.2485,1.035,0.542,0.455
3290,1566536263544221053,120.00,-216.00,557,262133,10594,122.42,-226.46,-57.10,0.9851,1,0.1025,0.4583,0.9854,10000,2770,10,1.565,588.2,343.3,gicp_d4_i240,33274.2,0.9858,0.2497,0.803,0.498,0.103
3290,1566536263544221053,120.00,-216.00,557,262133,10594,122.42,-226.46,-57.10,0.9851,1,0.1025,0.4583,0.9854,10000,2770,10,1.565,588.2,343.3,ndt_r3_i240,3454.0,0.9855,0.2531,0.308,0.516,0.270
3363,1566536270847211078,96.00,-168.00,610,270040,11218,89.21,-173.98,-57.64,0.9817,1,0.0703,0.2663,0.9815,10000,2956,10,3.472,594.9,399.1,icp_d4_i240,8922.9,0.9820,0.2548,0.064,0.247,0.064
3363,1566536270847211078,96.00,-168.00,610,270040,11218,89.21,-173.98,-57.64,0.9817,1,0.0703,0.2663,0.9815,10000,2956,10,3.472,594.9,399.1,gicp_d4_i240,28049.4,0.9816,0.2533,0.069,0.276,0.069
3363,1566536270847211078,96.00,-168.00,610,270040,11218,89.21,-173.98,-57.64,0.9817,1,0.0703,0.2663,0.9815,10000,2956,10,3.472,594.9,399.1,ndt_r3_i240,2828.8,0.9818,0.2547,0.345,0.399,0.324
3436,1566536278145809030,48.00,-120.00,528,219318,10988,56.29,-118.80,-63.13,0.9839,1,0.0785,0.4941,0.9838,10000,3927,10,2.087,447.7,366.9,icp_d4_i240,10359.5,0.9853,0.2463,1.314,0.742,0.550
3436,1566536278145809030,48.00,-120.00,528,219318,10988,56.29,-118.80,-63.13,0.9839,1,0.0785,0.4941,0.9838,10000,3927,10,2.087,447.7,366.9,gicp_d4_i240,10916.3,0.9849,0.2479,1.134,0.631,0.077
3436,1566536278145809030,48.00,-120.00,528,219318,10988,56.29,-118.80,-63.13,0.9839,1,0.0785,0.4941,0.9838,10000,3927,10,2.087,447.7,366.9,ndt_r3_i240,3963.1,0.9843,0.2461,0.542,0.589,0.438
3509,1566536285443967335,24.00,-48.00,566,234705,11747,26.64,-57.06,-64.41,0.9877,1,0.1358,0.4419,0.9874,10000,2801,10,4.448,616.3,375.7,icp_d4_i240,8187.1,0.9874,0.2489,0.184,0.000,0.184
3509,1566536285443967335,24.00,-48.00,566,234705,11747,26.64,-57.06,-64.41,0.9877,1,0.1358,0.4419,0.9874,10000,2801,10,4.448,616.3,375.7,gicp_d4_i240,11952.5,0.9874,0.2414,0.829,0.631,0.135
3509,1566536285443967335,24.00,-48.00,566,234705,11747,26.64,-57.06,-64.41,0.9877,1,0.1358,0.4419,0.9874,10000,2801,10,4.448,616.3,375.7,ndt_r3_i240,4358.8,0.9877,0.2465,0.326,0.657,0.299
3582,1566536292747961898,0.00,0.00,655,283040,13440,-3.59,1.07,-62.69,0.9560,1,0.1908,0.3440,0.9560,10000,3926,10,1.892,599.4,461.2,icp_d4_i240,11794.5,0.9561,0.2474,0.222,0.000,0.222
3582,1566536292747961898,0.00,0.00,655,283040,13440,-3.59,1.07,-62.69,0.9560,1,0.1908,0.3440,0.9560,10000,3926,10,1.892,599.4,461.2,gicp_d4_i240,5433.4,0.9576,0.2438,1.152,0.358,0.192
3582,1566536292747961898,0.00,0.00,655,283040,13440,-3.59,1.07,-62.69,0.9560,1,0.1908,0.3440,0.9560,10000,3926,10,1.892,599.4,461.2,ndt_r3_i240,5428.3,0.9572,0.2418,0.810,0.423,0.705
3655,1566536300042628620,-24.00,48.00,717,301272,11529,-33.41,57.95,-60.94,0.9270,1,0.0460,0.0758,0.9269,10000,3020,10,1.909,477.4,390.0,icp_d4_i240,8220.1,0.9265,0.2453,1.065,0.053,0.186
3655,1566536300042628620,-24.00,48.00,717,301272,11529,-33.41,57.95,-60.94,0.9270,1,0.0460,0.0758,0.9269,10000,3020,10,1.909,477.4,390.0,gicp_d4_i240,12221.7,0.9268,0.2396,0.045,0.070,0.044
3655,1566536300042628620,-24.00,48.00,717,301272,11529,-33.41,57.95,-60.94,0.9270,1,0.0460,0.0758,0.9269,10000,3020,10,1.909,477.4,390.0,ndt_r3_i240,4985.5,0.9275,0.2400,0.391,0.217,0.225
3728,1566536307340104117,-72.00,120.00,765,313168,12149,-69.09,115.36,-56.63,0.9340,1,0.0840,0.9470,0.9343,10000,3481,10,1.096,675.5,430.8,icp_d4_i240,16445.5,0.9346,0.2449,0.177,0.877,0.177
3728,1566536307340104117,-72.00,120.00,765,313168,12149,-69.09,115.36,-56.63,0.9340,1,0.0840,0.9470,0.9343,10000,3481,10,1.096,675.5,430.8,gicp_d4_i240,29660.1,0.9343,0.2464,0.072,0.961,0.072
3728,1566536307340104117,-72.00,120.00,765,313168,12149,-69.09,115.36,-56.63,0.9340,1,0.0840,0.9470,0.9343,10000,3481,10,1.096,675.5,430.8,ndt_r3_i240,3704.6,0.9344,0.2427,0.396,0.955,0.292
3801,1566536314641427288,-120.00,168.00,852,306784,11229,-108.51,170.49,-50.50,0.9812,0,0.0860,0.2934,0.9811,10000,2100,10,2.346,573.6,401.7,icp_d4_i240,8829.5,0.9816,0.2481,0.995,0.223,0.166
3801,1566536314641427288,-120.00,168.00,852,306784,11229,-108.51,170.49,-50.50,0.9812,0,0.0860,0.2934,0.9811,10000,2100,10,2.346,573.6,401.7,gicp_d4_i240,24041.3,0.9811,0.2501,0.084,0.305,0.084
3801,1566536314641427288,-120.00,168.00,852,306784,11229,-108.51,170.49,-50.50,0.9812,0,0.0860,0.2934,0.9811,10000,2100,10,2.346,573.6,401.7,ndt_r3_i240,3592.5,0.9815,0.2453,0.521,0.326,0.427
3874,1566536321942035386,-144.00,216.00,1276,337226,11237,-152.75,217.87,-43.86,0.9663,1,0.1103,0.1872,0.9665,10000,2435,10,7.583,619.2,385.8,icp_d4_i240,16320.6,0.7017,0.2502,4.287,14.661,4.287
3874,1566536321942035386,-144.00,216.00,1276,337226,11237,-152.75,217.87,-43.86,0.9663,1,0.1103,0.1872,0.9665,10000,2435,10,7.583,619.2,385.8,gicp_d4_i240,29365.8,0.6723,0.2586,4.709,19.162,4.709
3874,1566536321942035386,-144.00,216.00,1276,337226,11237,-152.75,217.87,-43.86,0.9663,1,0.1103,0.1872,0.9665,10000,2435,10,7.583,619.2,385.8,ndt_r3_i240,3430.8,0.6829,0.2448,20.212,51.687,6.053
3947,1566536329244945631,-192.00,264.00,958,326376,12645,-186.45,252.33,-51.58,0.9838,0,0.1209,0.6814,0.9842,10000,2532,10,5.448,748.2,420.3,icp_d4_i240,19943.0,0.9851,0.2413,0.675,0.252,0.129
3947,1566536329244945631,-192.00,264.00,958,326376,12645,-186.45,252.33,-51.58,0.9838,0,0.1209,0.6814,0.9842,10000,2532,10,5.448,748.2,420.3,gicp_d4_i240,23357.6,0.9840,0.2432,0.116,0.687,0.116
3947,1566536329244945631,-192.00,264.00,958,326376,12645,-186.45,252.33,-51.58,0.9838,0,0.1209,0.6814,0.9842,10000,2532,10,5.448,748.2,420.3,ndt_r3_i240,4972.8,0.9845,0.2409,0.387,0.512,0.283
4020,1566536336546086036,-168.00,288.00,1187,339231,11657,-167.32,276.77,-147.80,0.9850,1,0.1465,0.1969,0.9852,10000,5277,10,8.817,811.5,432.5,icp_d4_i240,13305.1,0.7960,0.2427,20.183,6.985,8.958
4020,1566536336546086036,-168.00,288.00,1187,339231,11657,-167.32,276.77,-147.80,0.9850,1,0.1465,0.1969,0.9852,10000,5277,10,8.817,811.5,432.5,gicp_d4_i240,36865.0,0.7615,0.2424,19.299,4.068,13.760
4020,1566536336546086036,-168.00,288.00,1187,339231,11657,-167.32,276.77,-147.80,0.9850,1,0.1465,0.1969,0.9852,10000,5277,10,8.817,811.5,432.5,ndt_r3_i240,2897.0,0.7824,0.2544,19.537,5.442,8.101
4093,1566536343839592111,-120.00,312.00,1075,323752,11967,-124.24,304.08,-148.18,0.9536,1,0.1414,0.2661,0.9539,10000,4643,10,9.679,781.6,438.7,icp_d4_i240,12890.6,0.9522,0.2398,0.888,0.306,0.888
4093,1566536343839592111,-120.00,312.00,1075,323752,11967,-124.24,304.08,-148.18,0.9536,1,0.1414,0.2661,0.9539,10000,4643,10,9.679,781.6,438.7,gicp_d4_i240,31486.0,0.9523,0.2415,0.749,0.360,0.748
4093,1566536343839592111,-120.00,312.00,1075,323752,11967,-124.24,304.08,-148.18,0.9536,1,0.1414,0.2661,0.9539,10000,4643,10,9.679,781.6,438.7,ndt_r3_i240,4170.0,0.9534,0.2442,0.569,0.243,0.564
4166,1566536351147692662,-96.00,336.00,996,299546,11399,-87.11,327.27,-147.76,0.9438,0,0.9355,0.4367,0.9464,10000,3605,10,1.842,599.2,386.7,icp_d4_i240,17950.5,0.9462,0.2439,0.898,1.423,0.312
4166,1566536351147692662,-96.00,336.00,996,299546,11399,-87.11,327.27,-147.76,0.9438,0,0.9355,0.4367,0.9464,10000,3605,10,1.842,599.2,386.7,gicp_d4_i240,18153.4,0.9468,0.2433,1.047,0.665,1.043
4166,1566536351147692662,-96.00,336.00,996,299546,11399,-87.11,327.27,-147.76,0.9438,0,0.9355,0.4367,0.9464,10000,3605,10,1.842,599.2,386.7,ndt_r3_i240,4849.4,0.9452,0.2419,0.506,0.415,0.390
4239,1566536358440171103,-48.00,336.00,927,293722,12442,-59.00,341.56,-170.63,0.9871,0,0.3436,0.3600,0.9877,10000,2192,10,1.744,593.8,402.6,icp_d4_i240,13630.5,0.9882,0.2473,0.484,0.482,0.154
4239,1566536358440171103,-48.00,336.00,927,293722,12442,-59.00,341.56,-170.63,0.9871,0,0.3436,0.3600,0.9877,10000,2192,10,1.744,593.8,402.6,gicp_d4_i240,14885.6,0.9876,0.2478,0.311,0.258,0.311
4239,1566536358440171103,-48.00,336.00,927,293722,12442,-59.00,341.56,-170.63,0.9871,0,0.3436,0.3600,0.9877,10000,2192,10,1.744,593.8,402.6,ndt_r3_i240,4563.9,0.9879,0.2454,0.078,0.396,0.072
4312,1566536365743982262,-24.00,336.00,754,246687,11425,-31.71,329.47,137.74,0.9136,1,0.2487,0.3524,0.9161,10000,1562,10,2.464,671.4,441.4,icp_d4_i240,17944.6,0.9175,0.2431,0.267,0.000,0.260
4312,1566536365743982262,-24.00,336.00,754,246687,11425,-31.71,329.47,137.74,0.9136,1,0.2487,0.3524,0.9161,10000,1562,10,2.464,671.4,441.4,gicp_d4_i240,19161.4,0.9164,0.2441,0.708,0.217,0.234
4312,1566536365743982262,-24.00,336.00,754,246687,11425,-31.71,329.47,137.74,0.9136,1,0.2487,0.3524,0.9161,10000,1562,10,2.464,671.4,441.4,ndt_r3_i240,4122.1,0.9164,0.2424,0.286,0.248,0.201
4385,1566536373043127061,0.00,288.00,608,203247,10521,3.57,297.34,138.76,0.9671,1,0.0669,0.5968,0.9681,10000,1190,10,1.285,423.6,303.3,icp_d4_i240,9298.0,0.9699,0.2465,0.397,0.720,0.149
4385,1566536373043127061,0.00,288.00,608,203247,10521,3.57,297.34,138.76,0.9671,1,0.0669,0.5968,0.9681,10000,1190,10,1.285,423.6,303.3,gicp_d4_i240,3655.6,0.9682,0.2430,0.065,0.599,0.065
4385,1566536373043127061,0.00,288.00,608,203247,10521,3.57,297.34,138.76,0.9671,1,0.0669,0.5968,0.9681,10000,1190,10,1.285,423.6,303.3,ndt_r3_i240,3132.2,0.9698,0.2462,0.138,0.243,0.133
4458,1566536380340087025,24.00,288.00,582,211151,10535,28.92,278.50,147.65,0.9779,1,0.3546,0.4103,0.9776,10000,1058,10,0.810,374.3,314.9,icp_d4_i240,6836.3,0.9779,0.2479,0.334,0.309,0.311
4458,1566536380340087025,24.00,288.00,582,211151,10535,28.92,278.50,147.65,0.9779,1,0.3546,0.4103,0.9776,10000,1058,10,0.810,374.3,314.9,gicp_d4_i240,2851.8,0.9776,0.2493,0.356,0.403,0.354
4458,1566536380340087025,24.00,288.00,582,211151,10535,28.92,278.50,147.65,0.9779,1,0.3546,0.4103,0.9776,10000,1058,10,0.810,374.3,314.9,ndt_r3_i240,3071.1,0.9783,0.2474,0.059,0.302,0.032
4531,1566536387640092244,48.00,264.00,683,228747,11320,53.66,265.70,157.91,0.9479,1,0.3775,0.2902,0.9475,10000,1850,10,0.827,425.3,345.8,icp_d4_i240,10099.0,0.9477,0.2487,0.345,0.194,0.345
4531,1566536387640092244,48.00,264.00,683,228747,11320,53.66,265.70,157.91,0.9479,1,0.3775,0.2902,0.9475,10000,1850,10,0.827,425.3,345.8,gicp_d4_i240,7825.7,0.9475,0.2494,0.378,0.285,0.299
4531,1566536387640092244,48.00,264.00,683,228747,11320,53.66,265.70,157.91,0.9479,1,0.3775,0.2902,0.9475,10000,1850,10,0.827,425.3,345.8,ndt_r3_i240,3109.3,0.9480,0.2472,0.119,0.378,0.085
4604,1566536394940111957,72.00,264.00,696,273520,11228,82.98,255.64,163.91,0.9489,0,0.4400,1.2239,0.9543,10000,3878,10,0.744,510.4,372.9,icp_d4_i240,13079.0,0.9540,0.2443,0.277,0.721,0.277
4604,1566536394940111957,72.00,264.00,696,273520,11228,82.98,255.64,163.91,0.9489,0,0.4400,1.2239,0.9543,10000,3878,10,0.744,510.4,372.9,gicp_d4_i240,15375.7,0.9539,0.2462,0.509,1.310,0.509
4604,1566536394940111957,72.00,264.00,696,273520,11228,82.98,255.64,163.91,0.9489,0,0.4400,1.2239,0.9543,10000,3878,10,0.744,510.4,372.9,ndt_r3_i240,3764.8,0.9542,0.2466,0.286,1.278,0.266
4677,1566536402244751841,96.00,240.00,678,291314,13968,102.67,251.83,172.63,0.9220,1,0.8726,1.4501,0.9475,10000,2744,10,2.695,644.9,489.8,icp_d4_i240,21066.7,0.9487,0.2459,0.619,1.532,0.250
4677,1566536402244751841,96.00,240.00,678,291314,13968,102.67,251.83,172.63,0.9220,1,0.8726,1.4501,0.9475,10000,2744,10,2.695,644.9,489.8,gicp_d4_i240,9429.9,0.9475,0.2441,0.871,1.441,0.871
4677,1566536402244751841,96.00,240.00,678,291314,13968,102.67,251.83,172.63,0.9220,1,0.8726,1.4501,0.9475,10000,2744,10,2.695,644.9,489.8,ndt_r3_i240,6207.1,0.9482,0.2442,0.601,1.639,0.526
4750,1566536409540178602,120.00,240.00,667,302018,13288,130.88,249.88,174.12,0.8595,1,1.4012,1.4750,0.9290,10000,2997,10,3.856,662.3,442.1,icp_d4_i240,17949.5,0.9303,0.2442,1.425,1.332,1.168
4750,1566536409540178602,120.00,240.00,667,302018,13288,130.88,249.88,174.12,0.8595,1,1.4012,1.4750,0.9290,10000,2997,10,3.856,662.3,442.1,gicp_d4_i240,23325.3,0.9293,0.2468,1.557,1.323,1.401
4750,1566536409540178602,120.00,240.00,667,302018,13288,130.88,249.88,174.12,0.8595,1,1.4012,1.4750,0.9290,10000,2997,10,3.856,662.3,442.1,ndt_r3_i240,3852.0,0.9293,0.2458,1.394,1.295,1.381
4823,1566536416839603235,168.00,240.00,591,282939,14515,158.98,250.32,-176.85,0.8147,1,2.1123,0.5448,0.9732,10000,939,10,1.833,742.1,506.8,icp_d4_i240,12249.2,0.9740,0.2467,2.022,0.540,2.022
4823,1566536416839603235,168.00,240.00,591,282939,14515,158.98,250.32,-176.85,0.8147,1,2.1123,0.5448,0.9732,10000,939,10,1.833,742.1,506.8,gicp_d4_i240,2923.4,0.9732,0.2474,2.112,0.543,2.112
4823,1566536416839603235,168.00,240.00,591,282939,14515,158.98,250.32,-176.85,0.8147,1,2.1123,0.5448,0.9732,10000,939,10,1.833,742.1,506.8,ndt_r3_i240,4541.0,0.9741,0.2481,2.076,0.516,2.031
4896,1566536424145309804,192.00,264.00,329,188020,14610,203.04,258.94,-164.19,0.8141,1,1.9114,0.9276,0.9845,10000,717,10,1.594,472.9,441.9,icp_d4_i240,11914.1,0.9846,0.2449,1.958,0.970,1.806
4896,1566536424145309804,192.00,264.00,329,188020,14610,203.04,258.94,-164.19,0.8141,1,1.9114,0.9276,0.9845,10000,717,10,1.594,472.9,441.9,gicp_d4_i240,2677.0,0.9845,0.2452,1.911,0.928,1.911
4896,1566536424145309804,192.00,264.00,329,188020,14610,203.04,258.94,-164.19,0.8141,1,1.9114,0.9276,0.9845,10000,717,10,1.594,472.9,441.9,ndt_r3_i240,4345.9,0.9846,0.2450,1.931,0.961,1.917
4969,1566536431440022906,240.00,288.00,363,160559,7009,245.94,280.52,-146.43,0.9358,1,0.9383,1.1096,0.9730,10000,2020,10,1.740,265.2,228.7,icp_d4_i240,6434.8,0.9756,0.2466,0.880,0.952,0.880
4969,1566536431440022906,240.00,288.00,363,160559,7009,245.94,280.52,-146.43,0.9358,1,0.9383,1.1096,0.9730,10000,2020,10,1.740,265.2,228.7,gicp_d4_i240,11274.1,0.9733,0.2467,0.941,1.125,0.941
4969,1566536431440022906,240.00,288.00,363,160559,7009,245.94,280.52,-146.43,0.9358,1,0.9383,1.1096,0.9730,10000,2020,10,1.740,265.2,228.7,ndt_r3_i240,2951.5,0.9740,0.2462,0.977,1.035,0.975
5042,1566536438745444618,288.00,288.00,368,157590,11200,285.97,293.27,175.91,0.9491,1,0.4762,0.6838,0.9504,10000,1409,10,0.787,390.7,324.2,icp_d4_i240,7679.0,0.9508,0.2508,0.524,0.842,0.518
5042,1566536438745444618,288.00,288.00,368,157590,11200,285.97,293.27,175.91,0.9491,1,0.4762,0.6838,0.9504,10000,1409,10,0.787,390.7,324.2,gicp_d4_i240,11312.8,0.9504,0.2533,0.479,0.683,0.478
5042,1566536438745444618,288.00,288.00,368,157590,11200,285.97,293.27,175.91,0.9491,1,0.4762,0.6838,0.9504,10000,1409,10,0.787,390.7,324.2,ndt_r3_i240,2858.3,0.9505,0.2527,0.542,0.678,0.528
5115,1566536446040042155,312.00,264.00,393,175180,10306,317.36,267.03,123.69,0.9584,1,0.8387,0.9490,0.9934,10000,2405,10,1.229,441.3,316.3,icp_d4_i240,7974.1,0.9934,0.2482,0.835,0.962,0.826
5115,1566536446040042155,312.00,264.00,393,175180,10306,317.36,267.03,123.69,0.9584,1,0.8387,0.9490,0.9934,10000,2405,10,1.229,441.3,316.3,gicp_d4_i240,13620.3,0.9934,0.2477,0.838,0.947,0.837
5115,1566536446040042155,312.00,264.00,393,175180,10306,317.36,267.03,123.69,0.9584,1,0.8387,0.9490,0.9934,10000,2405,10,1.229,441.3,316.3,ndt_r3_i240,3335.6,0.9930,0.2483,0.876,1.001,0.874
5188,1566536453342721401,336.00,216.00,379,172073,8401,345.46,223.97,122.87,0.9846,1,0.9959,0.4601,0.9906,10000,5243,10,0.847,324.8,282.6,icp_d4_i240,9804.2,0.9906,0.2462,0.964,0.187,0.953
5188,1566536453342721401,336.00,216.00,379,172073,8401,345.46,223.97,122.87,0.9846,1,0.9959,0.4601,0.9906,10000,5243,10,0.847,324.8,282.6,gicp_d4_i240,14866.2,0.9906,0.2468,1.001,0.488,0.996
5188,1566536453342721401,336.00,216.00,379,172073,8401,345.46,223.97,122.87,0.9846,1,0.9959,0.4601,0.9906,10000,5243,10,0.847,324.8,282.6,ndt_r3_i240,3137.4,0.9906,0.2526,0.957,0.574,0.957
5261,1566536460646590877,360.00,192.00,418,212491,10251,360.05,201.10,122.58,0.9370,1,1.0330,0.3239,0.9872,10000,2520,10,6.197,419.4,322.6,icp_d4_i240,11178.6,0.9874,0.2451,1.023,0.368,1.023
5261,1566536460646590877,360.00,192.00,418,212491,10251,360.05,201.10,122.58,0.9370,1,1.0330,0.3239,0.9872,10000,2520,10,6.197,419.4,322.6,gicp_d4_i240,31069.1,0.9872,0.2447,1.033,0.318,1.033
5261,1566536460646590877,360.00,192.00,418,212491,10251,360.05,201.10,122.58,0.9370,1,1.0330,0.3239,0.9872,10000,2520,10,6.197,419.4,322.6,ndt_r3_i240,3364.3,0.9874,0.2450,1.062,0.484,1.062
5334,1566536467939217067,360.00,192.00,418,212491,8573,370.43,184.73,121.95,0.9659,0,0.8994,0.2802,0.9717,10000,3136,10,8.988,405.3,279.3,icp_d4_i240,9881.7,0.6373,0.2466,31.800,60.663,7.179
5334,1566536467939217067,360.00,192.00,418,212491,8573,370.43,184.73,121.95,0.9659,0,0.8994,0.2802,0.9717,10000,3136,10,8.988,405.3,279.3,gicp_d4_i240,34179.0,0.6735,0.2444,6.222,4.375,6.222
5334,1566536467939217067,360.00,192.00,418,212491,8573,370.43,184.73,121.95,0.9659,0,0.8994,0.2802,0.9717,10000,3136,10,8.988,405.3,279.3,ndt_r3_i240,3012.7,0.9720,0.2479,0.811,0.298,0.811
5407,1566536475239296031,384.00,168.00,410,217597,10801,387.36,157.50,121.52,0.9669,0,0.6793,0.5098,0.9732,10000,3213,10,5.517,545.5,344.9,icp_d4_i240,13941.7,0.6989,0.2504,43.598,26.404,7.193
5407,1566536475239296031,384.00,168.00,410,217597,10801,387.36,157.50,121.52,0.9669,0,0.6793,0.5098,0.9732,10000,3213,10,5.517,545.5,344.9,gicp_d4_i240,25993.4,0.9731,0.2410,0.506,1.667,0.506
5407,1566536475239296031,384.00,168.00,410,217597,10801,387.36,157.50,121.52,0.9669,0,0.6793,0.5098,0.9732,10000,3213,10,5.517,545.5,344.9,ndt_r3_i240,3644.9,0.9732,0.2472,0.620,0.854,0.620
5480,1566536482539084456,408.00,120.00,339,151452,5802,417.88,109.05,123.26,0.9702,1,0.4521,0.1417,0.9704,10000,4183,10,0.753,256.6,177.9,icp_d4_i240,4101.0,0.9704,0.2463,0.432,0.080,0.408
5480,1566536482539084456,408.00,120.00,339,151452,5802,417.88,109.05,123.26,0.9702,1,0.4521,0.1417,0.9704,10000,4183,10,0.753,256.6,177.9,gicp_d4_i240,11346.1,0.9704,0.2465,0.452,0.144,0.452
5480,1566536482539084456,408.00,120.00,339,151452,5802,417.88,109.05,123.26,0.9702,1,0.4521,0.1417,0.9704,10000,4183,10,0.753,256.6,177.9,ndt_r3_i240,1935.9,0.9702,0.2521,0.467,0.519,0.467
5553,1566536489839656962,456.00,48.00,429,137405,6498,452.76,54.17,122.33,0.9738,1,0.3370,0.3470,0.9731,10000,1636,10,3.419,193.4,175.1,icp_d4_i240,8439.9,0.9737,0.2428,0.337,0.323,0.337
5553,1566536489839656962,456.00,48.00,429,137405,6498,452.76,54.17,122.33,0.9738,1,0.3370,0.3470,0.9731,10000,1636,10,3.419,193.4,175.1,gicp_d4_i240,21291.0,0.9731,0.2423,0.337,0.345,0.337
5553,1566536489839656962,456.00,48.00,429,137405,6498,452.76,54.17,122.33,0.9738,1,0.3370,0.3470,0.9731,10000,1636,10,3.419,193.4,175.1,ndt_r3_i240,2572.1,0.9738,0.2422,0.397,0.545,0.397
5626,1566536497139105675,480.00,24.00,511,211274,6845,478.36,12.01,117.12,0.9791,1,0.2872,0.8724,0.9797,10000,2465,10,1.305,317.4,218.1,icp_d4_i240,8786.5,0.9820,0.2431,0.406,1.445,0.319
5626,1566536497139105675,480.00,24.00,511,211274,6845,478.36,12.01,117.12,0.9791,1,0.2872,0.8724,0.9797,10000,2465,10,1.305,317.4,218.1,gicp_d4_i240,13444.3,0.9798,0.2495,0.286,0.884,0.286
5626,1566536497139105675,480.00,24.00,511,211274,6845,478.36,12.01,117.12,0.9791,1,0.2872,0.8724,0.9797,10000,2465,10,1.305,317.4,218.1,ndt_r3_i240,3250.4,0.9807,0.2467,0.173,1.405,0.167
5699,1566536504446557814,480.00,-48.00,375,167958,9933,481.53,-44.46,75.19,0.9385,1,1.1794,0.4905,0.9931,10000,3458,10,2.278,440.6,306.3,icp_d4_i240,11042.7,0.9938,0.2453,1.174,0.344,1.149
5699,1566536504446557814,480.00,-48.00,375,167958,9933,481.53,-44.46,75.19,0.9385,1,1.1794,0.4905,0.9931,10000,3458,10,2.278,440.6,306.3,gicp_d4_i240,14188.3,0.9931,0.2454,1.179,0.491,1.179
5699,1566536504446557814,480.00,-48.00,375,167958,9933,481.53,-44.46,75.19,0.9385,1,1.1794,0.4905,0.9931,10000,3458,10,2.278,440.6,306.3,ndt_r3_i240,2815.5,0.9932,0.2444,1.215,0.776,1.197
5772,1566536511743167713,456.00,-96.00,320,178768,10745,450.82,-92.06,40.40,0.9723,1,0.1820,1.8602,0.9879,10000,3823,10,1.457,507.9,330.2,icp_d4_i240,9015.0,0.9886,0.2430,0.204,1.778,0.181
5772,1566536511743167713,456.00,-96.00,320,178768,10745,450.82,-92.06,40.40,0.9723,1,0.1820,1.8602,0.9879,10000,3823,10,1.457,507.9,330.2,gicp_d4_i240,9175.4,0.9879,0.2440,0.177,1.863,0.177
5772,1566536511743167713,456.00,-96.00,320,178768,10745,450.82,-92.06,40.40,0.9723,1,0.1820,1.8602,0.9879,10000,3823,10,1.457,507.9,330.2,ndt_r3_i240,3402.7,0.9890,0.2453,0.292,1.872,0.291
5845,1566536519039107172,408.00,-120.00,324,194269,12483,414.71,-116.93,33.30,0.9244,1,1.1674,0.9785,0.9875,10000,2734,10,1.741,576.0,384.4,icp_d4_i240,13244.1,0.9878,0.2500,1.140,0.927,1.135
5845,1566536519039107172,408.00,-120.00,324,194269,12483,414.71,-116.93,33.30,0.9244,1,1.1674,0.9785,0.9875,10000,2734,10,1.741,576.0,384.4,gicp_d4_i240,13492.9,0.9876,0.2528,1.168,0.977,1.167
5845,1566536519039107172,408.00,-120.00,324,194269,12483,414.71,-116.93,33.30,0.9244,1,1.1674,0.9785,0.9875,10000,2734,10,1.741,576.0,384.4,ndt_r3_i240,2764.8,0.9873,0.2515,1.094,0.943,1.094
5918,1566536526338288661,360.00,-144.00,420,235958,12742,358.61,-152.51,32.56,0.9504,0,1.2564,0.4631,0.9779,10000,2674,10,1.058,700.0,387.1,icp_d4_i240,18207.3,0.9794,0.2472,1.227,0.463,1.227
5918,1566536526338288661,360.00,-144.00,420,235958,12742,358.61,-152.51,32.56,0.9504,0,1.2564,0.4631,0.9779,10000,2674,10,1.058,700.0,387.1,gicp_d4_i240,19622.3,0.9778,0.2496,1.257,0.456,1.256
5918,1566536526338288661,360.00,-144.00,420,235958,12742,358.61,-152.51,32.56,0.9504,0,1.2564,0.4631,0.9779,10000,2674,10,1.058,700.0,387.1,ndt_r3_i240,4840.6,0.9787,0.2508,1.134,0.553,1.126
5991,1566536533642614377,312.00,-168.00,421,272319,13306,320.67,-170.35,-8.03,0.9588,0,0.9821,1.2608,0.9781,10000,2269,10,3.430,844.6,454.2,icp_d4_i240,26215.9,0.9787,0.2386,1.067,1.140,1.067
5991,1566536533642614377,312.00,-168.00,421,272319,13306,320.67,-170.35,-8.03,0.9588,0,0.9821,1.2608,0.9781,10000,2269,10,3.430,844.6,454.2,gicp_d4_i240,33128.6,0.9781,0.2378,1.184,0.812,0.937
5991,1566536533642614377,312.00,-168.00,421,272319,13306,320.67,-170.35,-8.03,0.9588,0,0.9821,1.2608,0.9781,10000,2269,10,3.430,844.6,454.2,ndt_r3_i240,4395.6,0.9781,0.2385,1.111,1.027,1.103
