frame,timestamp_ns,tile_x,tile_y,tile_frames,tile_points,query_points,gt_x,gt_y,gt_yaw_deg,gt_inlier,gt_probe_ok,gt_probe_dt,gt_probe_dr,gt_probe_inlier,evaluated,passed,distinct,oracle_dt,feature_ms,ransac_ms,config,omp_threads,polish_input_points,target_prep_ms,polish_ms,best_inlier,best_error,err_trans,err_rot_deg,oracle_polished_dt
78,1566535942355928325,72.00,-144.00,539,230090,10849,71.41,-144.77,-57.89,0.9737,0,0.7028,2.7835,0.9440,10000,4517,10,3.590,683.0,448.3,gicp_plugin,16,10849,0.0,6362.1,0.9759,0.2504,0.391,0.907,0.391
78,1566535942355928325,72.00,-144.00,539,230090,10849,71.41,-144.77,-57.89,0.9737,0,0.7028,2.7835,0.9440,10000,4517,10,3.590,683.0,448.3,gicp_pluginparams_tile,16,10849,118.8,5355.0,0.9760,0.2494,0.695,1.060,0.695
78,1566535942355928325,72.00,-144.00,539,230090,10849,71.41,-144.77,-57.89,0.9737,0,0.7028,2.7835,0.9440,10000,4517,10,3.590,683.0,448.3,gicp_tuned_fullmap,16,10849,0.0,10310.1,0.9768,0.2485,0.466,1.050,0.466
78,1566535942355928325,72.00,-144.00,539,230090,10849,71.41,-144.77,-57.89,0.9737,0,0.7028,2.7835,0.9440,10000,4517,10,3.590,683.0,448.3,gicp_tuned_tile,16,10849,102.0,9126.9,0.9551,0.2467,0.633,2.663,0.633
151,1566535949647802761,48.00,-120.00,528,219318,9689,52.05,-110.55,-63.56,0.9645,1,0.2383,0.4196,0.9638,10000,3326,10,2.889,467.4,372.8,gicp_plugin,16,9689,0.0,4777.2,0.9634,0.2447,0.406,0.343,0.406
151,1566535949647802761,48.00,-120.00,528,219318,9689,52.05,-110.55,-63.56,0.9645,1,0.2383,0.4196,0.9638,10000,3326,10,2.889,467.4,372.8,gicp_pluginparams_tile,16,9689,90.6,4960.7,0.9637,0.2491,0.279,0.384,0.279
151,1566535949647802761,48.00,-120.00,528,219318,9689,52.05,-110.55,-63.56,0.9645,1,0.2383,0.4196,0.9638,10000,3326,10,2.889,467.4,372.8,gicp_tuned_fullmap,16,9689,0.0,13323.0,0.9635,0.2446,0.405,0.340,0.405
151,1566535949647802761,48.00,-120.00,528,219318,9689,52.05,-110.55,-63.56,0.9645,1,0.2383,0.4196,0.9638,10000,3326,10,2.889,467.4,372.8,gicp_tuned_tile,16,9689,97.5,12413.9,0.9637,0.2492,0.228,0.409,0.228
224,1566535956948012557,24.00,-72.00,522,225257,9723,30.73,-65.20,-63.89,0.9816,1,0.1625,0.3693,0.9817,10000,1704,10,1.402,462.1,380.1,gicp_plugin,16,9723,0.0,4775.5,0.9819,0.2512,0.352,0.283,0.308
224,1566535956948012557,24.00,-72.00,522,225257,9723,30.73,-65.20,-63.89,0.9816,1,0.1625,0.3693,0.9817,10000,1704,10,1.402,462.1,380.1,gicp_pluginparams_tile,16,9723,103.4,5091.0,0.9818,0.2499,0.328,0.329,0.199
224,1566535956948012557,24.00,-72.00,522,225257,9723,30.73,-65.20,-63.89,0.9816,1,0.1625,0.3693,0.9817,10000,1704,10,1.402,462.1,380.1,gicp_tuned_fullmap,16,9723,0.0,4834.0,0.9818,0.2508,0.327,0.281,0.284
224,1566535956948012557,24.00,-72.00,522,225257,9723,30.73,-65.20,-63.89,0.9816,1,0.1625,0.3693,0.9817,10000,1704,10,1.402,462.1,380.1,gicp_tuned_tile,16,9723,107.4,6036.3,0.9816,0.2492,0.200,0.304,0.188
297,1566535964247888327,0.00,-24.00,617,257232,12943,7.04,-18.22,-60.75,0.9826,1,0.1913,0.7415,0.9834,10000,4085,10,0.380,572.0,530.5,gicp_plugin,16,12943,0.0,4779.8,0.9835,0.2454,0.181,0.751,0.171
297,1566535964247888327,0.00,-24.00,617,257232,12943,7.04,-18.22,-60.75,0.9826,1,0.1913,0.7415,0.9834,10000,4085,10,0.380,572.0,530.5,gicp_pluginparams_tile,16,12943,110.6,4922.1,0.9836,0.2453,0.179,0.735,0.168
297,1566535964247888327,0.00,-24.00,617,257232,12943,7.04,-18.22,-60.75,0.9826,1,0.1913,0.7415,0.9834,10000,4085,10,0.380,572.0,530.5,gicp_tuned_fullmap,16,12943,0.0,4138.1,0.9835,0.2453,0.188,0.743,0.168
297,1566535964247888327,0.00,-24.00,617,257232,12943,7.04,-18.22,-60.75,0.9826,1,0.1913,0.7415,0.9834,10000,4085,10,0.380,572.0,530.5,gicp_tuned_tile,16,12943,121.7,3698.7,0.9836,0.2455,0.182,0.735,0.162
370,1566535971554327557,-24.00,24.00,693,281568,11115,-19.73,33.13,-62.45,0.8885,1,0.0813,0.0642,0.8889,10000,2889,10,1.962,491.9,372.3,gicp_plugin,16,11115,0.0,5003.8,0.8889,0.2455,0.098,0.171,0.098
370,1566535971554327557,-24.00,24.00,693,281568,11115,-19.73,33.13,-62.45,0.8885,1,0.0813,0.0642,0.8889,10000,2889,10,1.962,491.9,372.3,gicp_pluginparams_tile,16,11115,126.4,5417.7,0.8890,0.2439,0.116,0.073,0.098
370,1566535971554327557,-24.00,24.00,693,281568,11115,-19.73,33.13,-62.45,0.8885,1,0.0813,0.0642,0.8889,10000,2889,10,1.962,491.9,372.3,gicp_tuned_fullmap,16,11115,0.0,7817.1,0.8889,0.2456,0.097,0.165,0.095
370,1566535971554327557,-24.00,24.00,693,281568,11115,-19.73,33.13,-62.45,0.8885,1,0.0813,0.0642,0.8889,10000,2889,10,1.962,491.9,372.3,gicp_tuned_tile,16,11115,122.4,6386.9,0.8891,0.2437,0.106,0.064,0.101
443,1566535978854089230,-48.00,72.00,751,277294,10901,-48.60,83.87,-57.34,0.9557,1,0.1392,0.3105,0.9558,10000,3495,10,3.733,453.9,373.4,gicp_plugin,16,10901,0.0,4923.8,0.9563,0.2419,1.320,0.288,1.320
443,1566535978854089230,-48.00,72.00,751,277294,10901,-48.60,83.87,-57.34,0.9557,1,0.1392,0.3105,0.9558,10000,3495,10,3.733,453.9,373.4,gicp_pluginparams_tile,16,10901,119.2,5420.0,0.9566,0.2420,1.301,0.429,1.301
443,1566535978854089230,-48.00,72.00,751,277294,10901,-48.60,83.87,-57.34,0.9557,1,0.1392,0.3105,0.9558,10000,3495,10,3.733,453.9,373.4,gicp_tuned_fullmap,16,10901,0.0,12292.1,0.9568,0.2430,1.240,0.258,0.066
443,1566535978854089230,-48.00,72.00,751,277294,10901,-48.60,83.87,-57.34,0.9557,1,0.1392,0.3105,0.9558,10000,3495,10,3.733,453.9,373.4,gicp_tuned_tile,16,10901,120.2,11379.7,0.9566,0.2425,1.218,0.275,0.072
516,1566535986154197362,-72.00,144.00,758,314109,11233,-83.75,137.53,-55.35,0.9753,1,0.1087,0.2581,0.9755,10000,2295,10,1.499,626.4,394.9,gicp_plugin,16,11233,0.0,5369.2,0.9753,0.2459,0.893,0.456,0.543
516,1566535986154197362,-72.00,144.00,758,314109,11233,-83.75,137.53,-55.35,0.9753,1,0.1087,0.2581,0.9755,10000,2295,10,1.499,626.4,394.9,gicp_pluginparams_tile,16,11233,135.7,4732.3,0.9753,0.2472,0.760,0.495,0.585
516,1566535986154197362,-72.00,144.00,758,314109,11233,-83.75,137.53,-55.35,0.9753,1,0.1087,0.2581,0.9755,10000,2295,10,1.499,626.4,394.9,gicp_tuned_fullmap,16,11233,0.0,6727.3,0.9753,0.2468,0.046,0.229,0.046
516,1566535986154197362,-72.00,144.00,758,314109,11233,-83.75,137.53,-55.35,0.9753,1,0.1087,0.2581,0.9755,10000,2295,10,1.499,626.4,394.9,gicp_tuned_tile,16,11233,148.2,7769.8,0.9753,0.2488,0.102,0.230,0.102
589,1566535993448103142,-120.00,192.00,936,292436,11216,-120.17,184.36,-50.83,0.9796,0,0.1738,0.1839,0.9796,10000,2463,10,1.832,572.7,374.7,gicp_plugin,16,11216,0.0,5390.8,0.9783,0.2526,0.087,0.345,0.087
589,1566535993448103142,-120.00,192.00,936,292436,11216,-120.17,184.36,-50.83,0.9796,0,0.1738,0.1839,0.9796,10000,2463,10,1.832,572.7,374.7,gicp_pluginparams_tile,16,11216,130.7,4766.5,0.9795,0.2473,0.190,0.246,0.190
589,1566535993448103142,-120.00,192.00,936,292436,11216,-120.17,184.36,-50.83,0.9796,0,0.1738,0.1839,0.9796,10000,2463,10,1.832,572.7,374.7,gicp_tuned_fullmap,16,11216,0.0,11289.1,0.7675,0.2460,2.215,7.269,2.215
589,1566535993448103142,-120.00,192.00,936,292436,11216,-120.17,184.36,-50.83,0.9796,0,0.1738,0.1839,0.9796,10000,2463,10,1.832,572.7,374.7,gicp_tuned_tile,16,11216,127.6,10329.0,0.9795,0.2469,0.215,0.254,0.215
662,1566536000753276080,-168.00,240.00,1172,352767,11513,-160.86,229.68,-42.68,0.9891,0,0.0983,0.3960,0.9896,10000,2606,10,13.987,756.2,413.3,gicp_plugin,16,11513,0.0,5235.8,0.6882,0.2564,15.688,41.334,15.162
662,1566536000753276080,-168.00,240.00,1172,352767,11513,-160.86,229.68,-42.68,0.9891,0,0.0983,0.3960,0.9896,10000,2606,10,13.987,756.2,413.3,gicp_pluginparams_tile,16,11513,151.2,5557.0,0.7007,0.2554,16.427,41.973,14.440
662,1566536000753276080,-168.00,240.00,1172,352767,11513,-160.86,229.68,-42.68,0.9891,0,0.0983,0.3960,0.9896,10000,2606,10,13.987,756.2,413.3,gicp_tuned_fullmap,16,11513,0.0,12033.3,0.7022,0.2619,14.614,38.926,11.728
662,1566536000753276080,-168.00,240.00,1172,352767,11513,-160.86,229.68,-42.68,0.9891,0,0.0983,0.3960,0.9896,10000,2606,10,13.987,756.2,413.3,gicp_tuned_tile,16,11513,168.4,11502.7,0.6991,0.2620,15.236,38.177,11.266
735,1566536008046224830,-192.00,264.00,958,326376,12004,-188.30,259.72,-89.70,0.9948,0,0.1347,0.6300,0.9943,10000,2791,10,7.024,646.5,412.1,gicp_plugin,16,12004,0.0,5651.3,0.8224,0.2398,4.188,2.061,4.188
735,1566536008046224830,-192.00,264.00,958,326376,12004,-188.30,259.72,-89.70,0.9948,0,0.1347,0.6300,0.9943,10000,2791,10,7.024,646.5,412.1,gicp_pluginparams_tile,16,12004,147.5,5048.0,0.8439,0.2388,3.673,2.023,3.673
735,1566536008046224830,-192.00,264.00,958,326376,12004,-188.30,259.72,-89.70,0.9948,0,0.1347,0.6300,0.9943,10000,2791,10,7.024,646.5,412.1,gicp_tuned_fullmap,16,12004,0.0,14008.0,0.9948,0.2457,0.150,0.263,0.150
735,1566536008046224830,-192.00,264.00,958,326376,12004,-188.30,259.72,-89.70,0.9948,0,0.1347,0.6300,0.9943,10000,2791,10,7.024,646.5,412.1,gicp_tuned_tile,16,12004,143.2,12663.7,0.9942,0.2474,0.068,0.594,0.068
808,1566536015345953842,-144.00,288.00,1349,356654,12024,-152.34,285.97,-146.96,0.9885,0,0.0465,0.1044,0.9885,10000,5545,10,1.832,980.1,507.2,gicp_plugin,16,12024,0.0,4234.4,0.9886,0.2474,0.389,0.568,0.066
808,1566536015345953842,-144.00,288.00,1349,356654,12024,-152.34,285.97,-146.96,0.9885,0,0.0465,0.1044,0.9885,10000,5545,10,1.832,980.1,507.2,gicp_pluginparams_tile,16,12024,186.3,1455.2,0.9888,0.2477,0.304,0.449,0.037
808,1566536015345953842,-144.00,288.00,1349,356654,12024,-152.34,285.97,-146.96,0.9885,0,0.0465,0.1044,0.9885,10000,5545,10,1.832,980.1,507.2,gicp_tuned_fullmap,16,12024,0.0,7814.9,0.9885,0.2464,0.071,0.098,0.068
808,1566536015345953842,-144.00,288.00,1349,356654,12024,-152.34,285.97,-146.96,0.9885,0,0.0465,0.1044,0.9885,10000,5545,10,1.832,980.1,507.2,gicp_tuned_tile,16,12024,172.7,1528.1,0.9885,0.2442,0.106,0.160,0.041
881,1566536022645760706,-96.00,312.00,1104,321922,12698,-107.76,314.25,-147.43,0.9264,0,0.9256,0.3022,0.9202,10000,3613,10,0.821,560.8,324.4,gicp_plugin,16,12698,0.0,403.8,0.9250,0.2478,0.143,0.332,0.127
881,1566536022645760706,-96.00,312.00,1104,321922,12698,-107.76,314.25,-147.43,0.9264,0,0.9256,0.3022,0.9202,10000,3613,10,0.821,560.8,324.4,gicp_pluginparams_tile,16,12698,142.4,394.5,0.9301,0.2429,0.370,0.222,0.370
881,1566536022645760706,-96.00,312.00,1104,321922,12698,-107.76,314.25,-147.43,0.9264,0,0.9256,0.3022,0.9202,10000,3613,10,0.821,560.8,324.4,gicp_tuned_fullmap,16,12698,0.0,689.1,0.9251,0.2477,0.143,0.326,0.143
881,1566536022645760706,-96.00,312.00,1104,321922,12698,-107.76,314.25,-147.43,0.9264,0,0.9256,0.3022,0.9202,10000,3613,10,0.821,560.8,324.4,gicp_tuned_tile,16,12698,134.4,891.9,0.8927,0.2441,1.313,0.278,1.313
954,1566536029953325705,-72.00,336.00,984,308239,10805,-67.86,338.66,-152.09,0.9784,0,0.0990,0.3077,0.9786,10000,3210,10,2.955,481.4,290.0,gicp_plugin,16,10805,0.0,448.1,0.9789,0.2465,0.062,0.420,0.062
954,1566536029953325705,-72.00,336.00,984,308239,10805,-67.86,338.66,-152.09,0.9784,0,0.0990,0.3077,0.9786,10000,3210,10,2.955,481.4,290.0,gicp_pluginparams_tile,16,10805,115.8,421.7,0.9784,0.2459,0.488,0.534,0.124
954,1566536029953325705,-72.00,336.00,984,308239,10805,-67.86,338.66,-152.09,0.9784,0,0.0990,0.3077,0.9786,10000,3210,10,2.955,481.4,290.0,gicp_tuned_fullmap,16,10805,0.0,972.8,0.9789,0.2464,0.057,0.450,0.057
954,1566536029953325705,-72.00,336.00,984,308239,10805,-67.86,338.66,-152.09,0.9784,0,0.0990,0.3077,0.9786,10000,3210,10,2.955,481.4,290.0,gicp_tuned_tile,16,10805,119.6,2643.2,0.9789,0.2465,0.150,0.338,0.111
1027,1566536037247571899,-24.00,312.00,918,262121,10204,-25.76,323.82,137.57,0.9579,1,0.2117,0.3504,0.9578,10000,1719,10,2.343,400.8,251.7,gicp_plugin,16,10204,0.0,390.2,0.9585,0.2415,0.147,0.378,0.115
1027,1566536037247571899,-24.00,312.00,918,262121,10204,-25.76,323.82,137.57,0.9579,1,0.2117,0.3504,0.9578,10000,1719,10,2.343,400.8,251.7,gicp_pluginparams_tile,16,10204,96.2,286.2,0.9577,0.2419,0.172,0.380,0.172
1027,1566536037247571899,-24.00,312.00,918,262121,10204,-25.76,323.82,137.57,0.9579,1,0.2117,0.3504,0.9578,10000,1719,10,2.343,400.8,251.7,gicp_tuned_fullmap,16,10204,0.0,396.6,0.9584,0.2417,0.147,0.359,0.143
1027,1566536037247571899,-24.00,312.00,918,262121,10204,-25.76,323.82,137.57,0.9579,1,0.2117,0.3504,0.9578,10000,1719,10,2.343,400.8,251.7,gicp_tuned_tile,16,10204,97.4,451.9,0.9580,0.2420,0.186,0.392,0.183
1100,1566536044548126397,24.00,288.00,582,211151,10131,25.65,280.95,146.14,0.9859,1,0.1571,0.2143,0.9864,10000,1236,10,0.312,316.3,221.4,gicp_plugin,16,10131,0.0,1210.6,0.9872,0.2486,0.292,0.212,0.270
1100,1566536044548126397,24.00,288.00,582,211151,10131,25.65,280.95,146.14,0.9859,1,0.1571,0.2143,0.9864,10000,1236,10,0.312,316.3,221.4,gicp_pluginparams_tile,16,10131,81.1,329.0,0.9870,0.2485,0.232,0.286,0.166
1100,1566536044548126397,24.00,288.00,582,211151,10131,25.65,280.95,146.14,0.9859,1,0.1571,0.2143,0.9864,10000,1236,10,0.312,316.3,221.4,gicp_tuned_fullmap,16,10131,0.0,108.4,0.9871,0.2486,0.287,0.215,0.270
1100,1566536044548126397,24.00,288.00,582,211151,10131,25.65,280.95,146.14,0.9859,1,0.1571,0.2143,0.9864,10000,1236,10,0.312,316.3,221.4,gicp_tuned_tile,16,10131,79.4,199.6,0.9867,0.2484,0.169,0.235,0.164
1173,1566536051851512454,72.00,264.00,696,273520,11346,75.28,258.12,163.06,0.9730,1,0.2416,0.6756,0.9750,10000,3999,10,0.876,469.0,291.7,gicp_plugin,16,11346,0.0,388.5,0.9749,0.2485,0.338,0.635,0.337
1173,1566536051851512454,72.00,264.00,696,273520,11346,75.28,258.12,163.06,0.9730,1,0.2416,0.6756,0.9750,10000,3999,10,0.876,469.0,291.7,gicp_pluginparams_tile,16,11346,99.9,426.1,0.9750,0.2468,0.242,0.698,0.201
1173,1566536051851512454,72.00,264.00,696,273520,11346,75.28,258.12,163.06,0.9730,1,0.2416,0.6756,0.9750,10000,3999,10,0.876,469.0,291.7,gicp_tuned_fullmap,16,11346,0.0,893.3,0.9749,0.2484,0.339,0.634,0.335
1173,1566536051851512454,72.00,264.00,696,273520,11346,75.28,258.12,163.06,0.9730,1,0.2416,0.6756,0.9750,10000,3999,10,0.876,469.0,291.7,gicp_tuned_tile,16,11346,102.7,723.3,0.9750,0.2475,0.215,0.964,0.210
1246,1566536059146865601,120.00,240.00,667,302018,13848,125.34,250.81,178.77,0.8804,1,1.1645,1.9184,0.9467,10000,2691,10,2.194,585.0,454.0,gicp_plugin,16,13848,0.0,601.9,0.9511,0.2412,1.551,1.251,1.551
1246,1566536059146865601,120.00,240.00,667,302018,13848,125.34,250.81,178.77,0.8804,1,1.1645,1.9184,0.9467,10000,2691,10,2.194,585.0,454.0,gicp_pluginparams_tile,16,13848,114.1,484.4,0.9507,0.2432,1.415,1.424,1.160
1246,1566536059146865601,120.00,240.00,667,302018,13848,125.34,250.81,178.77,0.8804,1,1.1645,1.9184,0.9467,10000,2691,10,2.194,585.0,454.0,gicp_tuned_fullmap,16,13848,0.0,852.8,0.9513,0.2409,1.557,1.239,1.553
1246,1566536059146865601,120.00,240.00,667,302018,13848,125.34,250.81,178.77,0.8804,1,1.1645,1.9184,0.9467,10000,2691,10,2.194,585.0,454.0,gicp_tuned_tile,16,13848,115.7,1259.2,0.9508,0.2425,1.400,1.454,1.152
